text,label
"Today everything felt heavy. I stared at my thesis draft for two straight hours and barely wrote a sentence. Its like my brain just froze. I keep wondering if Im even smart enough to finish this degree. Everyone else seems to be moving forward while Im just stuck, sinking quietly. I didnt talk to anyone all day. Even my own thoughts felt distant, like they didnt belong to me.",sadness
"I walked home in the rain without an umbrella. It wasnt pouring, but it was enough to soak through my hoodie. I didnt even mind. It matched my mood. The streetlights looked blurry and I thought about how long its been since I felt genuinely happy. I miss that version of myself.",sadness
"I scrolled through old photos of my friends tonight and it hurt. We used to laugh nonstop and go on random adventures. Now everyone is busy with their own lives. I get it, but it still sucks that I barely hear from them anymore. Feels like Im forgotten.",sadness
"I tried to call Mom today but hung up before she answered. I didnt know what to say. I love her, but I dont want her to worry about me. Im tired of pretending Im okay. I just want someone to hug me and say its fine to fall apart for a bit.",sadness
"I stayed in bed until noon. No energy to get up. Its not even tirednessjust emptiness. I opened the curtains and immediately closed them again. Too bright. It felt like the day was moving on without me, and I couldnt bear it.",sadness
"My friend cancelled plans again. Third time this month. I said it was fine, but I felt that weird sting. I wonder if Im just the friend people talk to when theyre bored but drop when something better comes along. I shouldnt care, but I do.",sadness
The library was full today but somehow I felt lonelier than ever. Watching people study together made something in my chest ache. I wanted to ask someone to sit with me but my stupid pride got in the way. I hate how lonely I feel even when surrounded by people.,sadness
"I saw my ex today by accident. Just a quick hello, but it ruined my mood. They looked happy. I pretended I was too. But walking away felt like ripping off a scab that was finally healing. I dont know why it still hurts. Its been months.",sadness
"I spent the evening trying to cook a proper meal. It turned out awful. I ended up eating cereal instead. I dont even know why that made me sad, but it did. It felt symbolic somehowme trying to do something right and failing anyway.",sadness
"Sometimes I think Im wasting my twenties. Im supposed to be making memories, traveling, falling in love. Instead, Im stressed out, tired, broke, and constantly worried about deadlines. I wish someone would pause the world so I can catch my breath.",sadness
I went for a walk at 2AM because I couldnt sleep. The streets were completely empty and I felt like the last person on earth. It was peaceful but also incredibly lonely. I thought about my goals and couldnt remember why I even wanted them in the first place.,sadness
"Dad asked if Im happy here. I lied and said yes. The truth is I havent felt genuinely happy in months. I laugh, sure. I smile when I have to. But underneath everything is this dull sadness I cant shake off. Like background noise in my mind.",sadness
"I deleted social media today. Seeing everyones perfect lives made me feel small. I know its all curated nonsense, but still. I wish I had something exciting to post. Something that made me proud. Right now all I have is anxiety and half-finished work.",sadness
"I miss my childhood home. Not the building itself, but the feeling of safety. Back when dinner was at 7, sleep was peaceful, and the future didnt feel like a threat. Adulthood is overrated. Nobody warned me it would be this lonely.",sadness
"I started crying while washing dishes today and I dont even know why. It came out of nowhere. I guess feelings dont ask for permission. I wiped my eyes and continued scrubbing like nothing happened. Nobody saw, and that somehow made it even sadder.",sadness
I saw a couple holding hands on the street. It made me think about how long its been since someone held mine. Im scared Ill get used to being alone. What if I already have? The idea of opening up to someone again feels exhausting.,sadness
"A lecturer said, Some of you wont make it through this program. He was joking, but it cut deep. I already fear that Im one of those people. Ive been working so hard, but it feels like Im running in place. Every success feels temporary.",sadness
"My room is messy again. Whenever my mind feels chaotic, my space follows. I tried cleaning but stopped halfway. I wish I could organize my thoughts like I organize my files on my laptop. Instead everything is scrambled and overwhelming.",sadness
"I looked in the mirror today and barely recognized myself. Tired eyes, forced smile. I used to care about how I looked, but lately I just feel numb. Like my body is just the vehicle carrying my sadness around.",sadness
"Someone asked me how Im doing, and I genuinely didnt know how to answer. Im not good, but not completely broken. Just floating. Existing without purpose. Its scary how easy it is to hide sadness behind a casual Im fine.",sadness
"I apologized twice today for things that werent my fault. I think sadness makes me smaller, like I take up less space than Im allowed. I want to feel confident again, but right now Im just tired of everything, including myself.",sadness
"I listened to an old song I used to love. Instead of making me happy, it reminded me how different life was when I first heard it. I miss that version of mehopeful, curious, full of plans. Now I feel like Im just surviving one day at a time.",sadness
"Theres a bird that sits on the same tree outside my window every morning. Every day I watch it fly away and I wish I had wings too. Not literally, just something to lift me out of this constant heaviness.",sadness
"I tried talking about my feelings today but the words got stuck. I hate crying in front of people, so I just said I was tired. Its easier to say tired than sad. Tired gets sympathy. Sad gets awkward silence.",sadness
"I hate that I compare myself to others so much. I know its unhealthy, but when everyone seems happy, successful, in love its hard not to wonder whats wrong with me. Maybe nothing is wrong. Maybe this is just how life feels sometimes.",sadness
"I think my sadness comes in waves. Some days I can breathe fine, other days it feels like Im underwater. Today was underwater. Even small tasks felt impossible. I hope tomorrow is better. I dont need joy, just a little air.",sadness
"I spent most of today pretending to be okay. Smiled in class, laughed at a joke, helped someone with their assignment. Then I came home and felt completely empty. Its scary how good Ive become at acting.",sadness
"I miss being excited about things. Now even good news feels muted. I passed a module recently and barely celebrated. I just ticked it off a list. I want to feel proud again, but sadness keeps dulling everything.",sadness
"My sibling sent me a voice note and I almost cried hearing their voice. I didnt realize how much I missed family until that moment. I wish I could go home, just for a weekend. I need to feel loved without explaining myself.",sadness
"I watched a sunset today from my window. It was beautiful but it made me sad. Something about endings always hits me hard. Even small ones, like the end of a day. Maybe Im scared of time moving faster than I can keep up.",sadness
"I reread some of my old journals and it hurt. I used to dream so loudly. Now my dreams feel whisper-quiet. Im not giving up, but damn I miss that fire. Sadness didnt used to win this often.",sadness
"I skipped dinner tonight. Not because I wasnt hungryjust didnt have the will to cook. I keep losing appetite when Im down, even though I know it makes things worse. Food used to be comforting. Now its just another task.",sadness
"Sometimes I think about packing everything and leaving. Not running away, just disappearing for a while. Somewhere quiet. Somewhere I dont have to prove anything. But I know that wherever I go, Id still carry this sadness with me.",sadness
"I found a photo of me smiling genuinely. I stared at it for a long time. I dont remember the last time I looked that alive. I hate that sadness makes me doubt every good memory, like maybe I imagined them.",sadness
I lay on the floor today and listened to the ceiling fan buzz. I didnt move for fifteen minutes. It felt oddly peaceful. Sadness sometimes slows me down enough to notice the silence. But it also makes the silence feel like a void.,sadness
"Got feedback on my assignment and it wasnt great. Not terrible, but disappointing. I tried to shake it off but couldnt. Its not even about gradesits the fear that Im failing at the one thing my future depends on.",sadness
My chest felt tight all day. Anxiety mixed with sadness is exhausting. Like Im waiting for something bad to happen even when nothings actually wrong. I wish my mind had an off switch. Just for a few hours of rest.,sadness
"I think people assume Im strong because I dont cry in public. But strength isnt staying quietits asking for help. And Im too scared to do that. I dont want to be a burden. So I keep everything inside, even when it hurts.",sadness
"I looked at the sky tonight and felt incredibly small. Not in a philosophical wayjust lonely. It reminded me how many people exist, and how easy it is to feel insignificant among all of them. I wonder if anyone else feels this way too.",sadness
"Im angry at my sadness sometimes. It feels selfish, like it keeps stealing moments from me. Even when Im with people I care about, theres always a shadow. I wish I could tell it to leave without needing therapy or medication.",sadness
"I cancelled plans today because I didnt want anyone to see me like this. I said I was tired. Thats become my default excuse. Truth is, I dont know how to be social when my heart feels heavy. I hate disappointing people.",sadness
"I didnt realize how much I missed my dog until Mom sent a video of him today. I cried watching it. Theres something about animalsso pure, so loving. He used to curl up next to me when I was sad. I needed that today.",sadness
Sometimes I think nobody truly knows me. Not because Im mysteriousbut because I dont allow it. Sadness makes me cautious. I reveal pieces but never the whole picture. I wonder what it would feel like to be fully understood.,sadness
"I held a cup of tea tonight just to feel warmth. It was oddly comforting. But when it got cold, I felt sad again. Maybe I rely too much on temporary comforts. They fade too quickly, leaving me right back where I started.",sadness
"I saw graduation photos online today and felt a weird sadness. I should be excited for my turn, but Im scared I wont make it. What if I fail? What if I succeed and still feel empty? I dont know which is worse.",sadness
"I think sadness isolated me more than I realized. I avoid group chats, skip calls, ignore invitations. I tell myself I need space, but maybe Im just afraid people wont like the version of me Ive become.",sadness
"I dont cry easily, but tonight I did. It felt like my body finally gave up pretending. I curled up on the bed and let it all out. No explanations, no solutions. Just tears. It didnt fix anything, but at least it felt honest.",sadness
I passed someone in the hallway who looked genuinely happy. I envied them. I dont need constant happinessjust a chance to feel hope again. Im tired of sadness being my default setting. I want a reason to smile without forcing it.,sadness
Im scared of telling people Im sad because I fear theyll see me differently. But keeping it inside is starting to feel like carrying a backpack full of bricks. I dont know how much longer I can carry it alone.,sadness
"Tonight I looked at the stars and whispered, Please let tomorrow be lighter. I dont know who I was talking to, but it made me feel slightly better. Maybe sadness doesnt mean Im brokenmaybe it just means I still care.",sadness
"Woke up early today and actually felt refreshed for once. The air was cool, the sky clear, and I made myself a proper breakfast. Eggs, toast, coffee  nothing fancy, but I sat and ate slowly, and it felt like I was starting the day right. Funny how small things can make such a difference.",joy
"Got the results back from my research proposal and  holy shit  I passed with good feedback. The supervisor even wrote great potential here. Ive read that line like ten times. I know its just a start, but it feels like proof that I might actually be capable of this.",joy
"Had the best call with my mom today. She laughed at all my stupid jokes and told me she was proud of me. I swear, hearing that made my whole week. I dont need gifts or celebration  just hearing that was enough.",joy
"Went for a run after class and felt something I havent felt in a while: energy. Not anxiety energy. Real, genuine, upbeat energy. The playlist hit perfectly, and the sunset looked like it was painted just for me.",joy
Tried cooking a new recipe tonight and it actually turned out good. Like genuinely good. I even plated it nicely and took a photo. Maybe I should cook more  it makes me slow down and enjoy the moment.,joy
"I caught the sunrise today and actually stopped to look. The colors were insane. For a few minutes, the whole world felt alive and mine too.",joy
I bumped into a friend I havent seen in months. We talked and laughed for hours. Didnt realize how much I needed that connection until it happened.,joy
"I bumped into an old friend at the library today and we ended up chatting for ages. No awkwardness, no pressure  just easy warmth. It reminded me that I actually have people who care about me.",joy
"Today felt peaceful. Nothing big happened. Just studied in a quiet corner, listened to soft music, and didnt feel rushed. I didnt even check the time much. I forgot how nice it feels to just exist without panic.",joy
"Had coffee with someone from my course and it went surprisingly well. We talked about movies, our families, future plans. It wasnt forced. We even laughed about how stressed everyone is. Felt like the beginning of a real friendship.",joy
I bought myself flowers today. Just because. Yellow ones. Theyre sitting on my desk now and they brighten up the whole room. Didnt realize how much joy a bit of color could bring.,joy
Finished a chapter of my thesis ahead of schedule  AHEAD  this never happens. I treated myself to ice cream and shamelessly enjoyed every bite. Im learning to celebrate small wins.,joy
"The weather was perfect today so I studied outside. Birds were loud, sun was warm, breeze soft. I actually retained what I read. Maybe nature is better than caffeine.",joy
"Had a really good hair day today. Sounds silly, but I looked in the mirror and smiled. I didnt pick myself apart for once. I just thought  hey, I look pretty good. That felt new.",joy
Got a random message from a friend saying they missed me. My heart actually jumped. We made plans to meet next week. Something to look forward to  finally.,joy
"I cleaned my entire room today while blasting music and dancing like an idiot. It was fun. No overthinking, no stress. Just movement and rhythm. And now the room feels lighter. So do I.",joy
"Someone in class complimented my presentation skills. ME. Ive always been nervous in front of people, but today I spoke clearly and didnt panic. Their comment made me feel seen.",joy
"Sat in a café for two hours writing, and everything just flowed. No writers block. Just smooth ideas connecting themselves. Days like this make all the stress feel worth it.",joy
I wore my favorite jacket today and a stranger said they liked my style. It made me grin like a fool. Sometimes joy comes from random people youll never meet again.,joy
"Today was simple: good breakfast, good music, good energy. Nothing extraordinary, nothing dramatic. But I smiled quietly to myself while walking to class. That was enough.",joy
Watched the sunset with a friend and we didnt talk much  just watched. It felt like peace doesnt always need words. Silence can be joyful too.,joy
Got an email saying I was selected for a scholarship interview. I screamed. Out loud. Alone in my room. It felt like life tossed me a little beam of light today.,joy
I helped a classmate with their assignment and they gave me homemade brownies as thanks. Best brownies Ive ever had. Good deeds should always taste this good.,joy
I think Im changing. I caught myself humming today while waiting for the bus. That doesnt happen when Im anxious. Maybe things are getting better.,joy
"I found a quiet corner in the library that nobody else uses. Its become my little sanctuary. Every time I sit there, I feel like I can breathe properly.",joy
Started going to the gym this week and Im actually enjoying it. Not for the results  just the feeling of movement. My body feels awake.,joy
"Had such a nice conversation with Dad today. Short but warm. He said, Youre doing good, kid. I didnt realize how much I needed to hear that.",joy
Bought fresh fruit from the market and made a smoothie. DRANK THE WHOLE THING WITH JOY. Might become a health freak. Probably not. But today it felt good.,joy
"I laughed so hard during lunch today that tears came out. I dont even remember the joke anymore, but damn, it felt good to laugh like that.",joy
Got back a grade that I thought would be bad  but it wasnt. Im not failing. Im actually doing okay. Maybe I should give myself more credit.,joy
My sibling sent me a video of our dog chasing his tail. I must have watched it 10 times. Pure joy in 15 seconds. I love that dumb fluffy creature.,joy
"I took myself out on a date today  café, journal, good music. I didnt feel lonely. I felt comfortable with myself. Thats new. Thats growth.",joy
I heard my favorite song while shopping for groceries and literally did a tiny dance in the aisle. I didnt even care if anyone saw.,joy
Managed to get enough sleep last night. Eight full hours. Woke up calm. No headaches. No stress. Sleep is underrated happiness.,joy
My supervisor said I show real curiosity in my research. That one phrase made me feel so alive. Curiosity is why I started this journey in the first place.,joy
Met a cat near my building that let me pet it. Instant serotonin. It followed me for three blocks. I wanted to keep it forever.,joy
Did yoga today for the first time in ages and almost cried with relief. My body felt open and clear. It was quiet inside my head for once.,joy
Cooked dinner with a friend and we laughed the entire time because nothing went according to plan. The meal came out chaotic but delicious. Imperfect joy is still joy.,joy
I found an old playlist from high school and listened to it while studying. It brought back memories that made me smile instead of sad. That surprised me.,joy
The sun hit my face just right while I was walking and I closed my eyes for a moment. That tiny moment felt like gratitude.,joy
Tried on clothes I thought wouldnt fit anymore  they did. I felt confident. I even took a picture. Not to post. Just to remember that feeling.,joy
Had a movie night with friends and we laughed until our stomachs hurt. I didnt think about deadlines once. That felt like freedom.,joy
I talked to someone new today and it didnt feel scary. I was actually excited to learn about them. Maybe joy is also connection.,joy
The café near campus gave me a free cookie because Im a regular. That tiny gesture made me feel known.,joy
"My anxiety has been quieter lately. Not gone, but softer. Today I noticed the calm more than the fear. That itself felt like joy.",joy
I went to bed early and read a book instead of doom-scrolling on my phone. The story was comforting. I forgot how good it feels to read just for pleasure.,joy
"It rained today  light rain, not sad rain. I stood under it for a moment and just smiled. Some days the world feels kind.",joy
I caught myself feeling proud while working today. Actually proud. I think Im finally believing that I can do this.,joy
My friend sent me a meme that made me laugh so loud I scared my roommate. Dumb joy is still joy.,joy
"Tonight, I whispered thank you into the dark before sleeping. Not to anyone specific  just to life. Im still here. Im still trying. And today, that feels like enough.",joy
I woke up already annoyed today and I dont even know why. Just this tension in my chest like somethings wrong. Even my toothbrush felt aggressive. I hate mornings when everything starts off wrong.,anger
I spent four hours on that assignment and the software crashed before I saved. FOUR HOURS. I almost threw my laptop across the room. Why does everything break exactly when I need it to work?,anger
"I hate how people only text me when they need something. Not a hey how are you, just can you help me with this? Feels like Im a tool, not a friend.",anger
My supervisor dismissed my idea today. Not with criticism  with condescension. Like Im some clueless kid. I wanted to yell. Instead I said okay and swallowed the rage.,anger
Im angry that people dont respect deadlines. Spent hours fixing someone elses careless mistakes. Why do I have to clean up after everyone?,anger
"I snapped at my roommate today over something minor. Felt ridiculous immediately after, but I couldnt stop the anger from bubbling over.",anger
Tried to work in the library but some guy kept talking loudly on his phone for 30 minutes. Why do people assume public spaces are their personal living rooms?,anger
Im angry at myself for procrastinating. Its like I know exactly what I need to do but still choose to sabotage myself. And then I feel guilty. And then angry again. Its a cycle.,anger
My friend cancelled plans last minute. Again. They didnt even apologize properly. Just something came up. Im tired of always being the backup option.,anger
"I called a family member to talk, but they made it all about them. I felt invisible. Why is it so hard for them to just listen?",anger
Got stuck in traffic for an hour because someone decided to park in the middle of the road. People are unbelievably selfish sometimes.,anger
"Sometimes Im angry at the whole university system. Deadlines, pressure, fake smiles, people pretending to have it all together. Were all drowning but no one wants to admit it.",anger
People say take care of your mental health while piling on more responsibilities. The hypocrisy pisses me off.,anger
Why do people ask are you okay? when they clearly dont want the real answer? Its just social noise. Empty words.,anger
I did all the group work for our project and they still got the same grade as me. Im furious. They didnt even thank me.,anger
"Im mad that I keep comparing myself to others. I dont want to, but I do. And then I hate myself for doing it. Its exhausting.",anger
Had a stupid argument with someone today and I kept thinking of all the good comebacks only AFTER it ended. The anger just kept simmering inside me.,anger
I wish I had the guts to speak my mind when things bother me. Instead I stay quiet and build resentment. Its slowly poisoning me.,anger
Anger feels safer than sadness. At least it gives me energy. I think Im using it as armor.,anger
"I hate how people underestimate me when I try to be polite. Being kind doesnt mean Im weak. I swear, some days I want to show my teeth.",anger
Why do professors assign three major deadlines on the same week??? Its like theyre competing to make us suffer.,anger
Someone took my food from the shared fridge. Just took it. I almost wrote a threatening note but decided to let karma handle it.,anger
"Im annoyed at my constant tiredness. I sleep, but wake up exhausted. I eat well, but feel drained. I exercise but feel heavy. Its infuriating not to know why.",anger
Sometimes people talk over me in conversations and I just disappear. I get so angry when my voice doesnt count.,anger
I found a mistake in my thesis draft that I missed weeks ago and now I have to redo a whole section. My anger is directed at my own damn carelessness.,anger
"Why does everything cost money? Books, food, rent, transport. Even breathing feels expensive. Capitalism makes me want to scream.",anger
I heard someone gossiping about me today. I pretended not to care but it got under my skin. Fake people are the worst.,anger
Ive been waiting for a reply to a crucial email for days. Nothing yet. Why cant people just reply when it takes TWO MINUTES?,anger
"I hate that when Im angry, people tell me to calm down. That just makes things worse. Let me feel things.",anger
"Im angry that childhood ended without warning. One day I was carefree, the next day everything was a responsibility. Nobody prepared me for the emotional tax of adulthood.",anger
I tried to relax by watching a movie but buffering ruined the whole experience. Internet glitches should be considered emotional violence.,anger
Some days I feel anger burning inside me with no target. Just heat. I pace around my room like a trapped animal.,anger
I hate unsolicited advice. People assume they know my situation when they dont understand a single detail.,anger
Got interrupted three times while working today and completely lost my flow. I wanted silence. I got chaos.,anger
It pisses me off when people say others have it worse. That doesnt make my feelings invalid. Everyone deserves space to struggle.,anger
Im mad that Im always the responsible one. Its exhausting being the person people rely on.,anger
I said something wrong in a conversation and now I cant stop replaying it. Anger at myself is the worst kind. It stays.,anger
My laptop fan sounds like a helicopter every time I open a heavy file. Why does technology fail exactly when you need it most?,anger
I went grocery shopping and some dude cut the line like rules dont apply to him. I wanted to shove him with my cart.,anger
Im angry at my sudden bursts of motivation  because they arrive when Im busy and vanish when I finally have time.,anger
"Why does expressing anger make people uncomfortable? Its just another emotion. But when I show it, I feel like I have to apologize.",anger
I cleaned my entire room out of pure rage today. I guess anger can be productive sometimes. At least the floor is spotless.,anger
My headphones broke again. They were only two months old. I cant afford new ones. That tiny snap felt like personal betrayal.,anger
"Someone said I look tired. Not how are you, just you look tired. It sounded like judgment disguised as concern.",anger
I hate wasting time. I hate feeling stuck. I hate watching hours pass while I accomplish nothing. Makes me feel like the world is moving without me.,anger
Sometimes I catch myself smiling but then remember all the things that need fixing. And then the smile just disappears. Im annoyed that joy feels temporary.,anger
Im angry that people think introversion is a flaw. It isnt. Im not antisocial  I just value peace.,anger
I overheard two people bragging about cheating on an exam. Meanwhile I worked my ass off. The unfairness makes my blood boil.,anger
I hate when automated customer service keeps me on hold for 40 minutes and then hangs up. Machines should not have the power to ruin my day.,anger
"Sometimes I wonder if anger is just fear wearing armor. Either way, Im tired of carrying it around  its too heavy.",anger
"I woke up at 3 AM tonight with my heart pounding again. No nightmare that I can remember, just this sudden fear that Im behind in everything  my work, my life, my future. I tried to breathe slowly, but even my own breathing sounded loud and wrong. I hate when the fear comes out of nowhere like that. It makes me feel haunted.",fear
"I spent the whole day staring at my thesis draft and honestly, Im terrified that its all just mediocre. What if Im not actually capable of producing something meaningful? What if they see through me  see that I don't belong here at all? I keep imagining the day of submission and someone laughing at it. That image doesnt leave me.",fear
"I saw a missed call from home and my heart dropped instantly. Every time they call unexpectedly, Im scared something bad has happened. I love them so much that the idea of losing them feels unbearable. Took me thirty minutes to call back. Everything was normal. But I still felt shaky afterward.",fear
"I had a dream where I couldnt find my keys, but it felt real. Woke up panicking, heart racing, and it took me a good five minutes to remember it was just a dream.",fear
"Im scared that my anxiety is starting to define me. Every choice I make, I second-guess, and its exhausting. What if I cant escape it?",fear
I hesitated before leaving the house today because of something smalla weird noise outsidebut I kept imagining the worst. My imagination can be terrifying sometimes.,fear
I fear that Ill disappoint everyone I care about. Even small mistakes feel like theyll spiral out of control. Its like carrying an invisible weight all the time.,fear
"Sometimes I think Im afraid of being happy. Because as soon as things go well, my brain whispers, This wont last. So I start preparing for disaster. Its like joy scares me more than sadness.",fear
"I didnt speak up in class today because I was scared my idea didnt make sense. Later, someone said the same thing I was thinking  and everyone agreed with them. Instead of feeling validated, I just felt small. Like fear made me invisible again.",fear
"The silence in my room at night feels heavy  not peaceful. I hear every creak, every distant car, every beat of my own pulse. Fear lives in that silence. Maybe thats why I keep the fan on, even when its cold.",fear
"I know its irrational, but Im scared of checking my emails lately. Every notification feels like bad news waiting to pounce. Sometimes I open Gmail and close it immediately. Its ridiculous, but fear turns simple tasks into mountains.",fear
"I heard ambulance sirens while walking home today, and I instantly imagined the worst  someone I know, someone I love. My mind jumped miles ahead of reality. Why does fear travel faster than logic?",fear
"I fear that Im drifting away from my friends. We dont talk as much as we used to. Everyones busy and moving forward. What if I get left behind  not because I failed, but because I faded?",fear
Sometimes I wonder if Ive already peaked. If the best version of me existed years ago and now its just a slow decline. That thought scares the hell out of me but I cant shake it.,fear
"I saw photos of people my age getting married, traveling, achieving things, and suddenly felt this intense panic  what if Im running out of time to figure out who I am? Life moves too fast. Im scared I wont catch up.",fear
"I fear disappointing people  not in big ways, but small ones. Like forgetting a message, canceling a plan, sounding uninterested. I worry theyre slowly collecting reasons to give up on me.",fear
Ive been avoiding looking at my bank balance. Im scared itll remind me of how fragile my life is right now. One emergency and everything could collapse. That kind of instability terrifies me.,fear
"I walked into my supervisors office today with a knot in my stomach. I rehearsed my sentences like a scared actor. They were actually kind, but the fear stayed even after I left. It lingers, like a scent you cant wash off.",fear
"Sometimes I feel like Im scared of growing up. Bills, responsibilities, expectations  they all pile up. I miss being a kid. Back then, a bad day meant losing a pencil. Now a bad day feels like losing my future.",fear
I worry that Im too quiet. That people think Im distant or uninterested. The truth is Im just scared of saying the wrong thing. But fear makes silence feel safer  even when I dont want it.,fear
Theres this one health symptom Ive been ignoring because Im afraid of what a doctor might say. I know thats stupid  but fear sometimes prefers ignorance over truth.,fear
"I tried meditation today to calm my anxiety, but silence made me more nervous. My thoughts got louder. My heartbeat got faster. Maybe Im scared of being alone with my own mind.",fear
I have this deep fear of wasting my potential. Like theres a better version of me trapped somewhere and Im failing to find them. What if I never do?,fear
"I sometimes fear that I care more about people than they care about me. When conversations end abruptly or plans fall through, my brain fills in the blanks with worst-case scenarios.",fear
"My friend asked if Im okay today and I almost said everything out loud. But I didnt. Im scared that if I start talking about my fears, theyll become more real.",fear
"Im afraid of love  wanting it, losing it, not deserving it. Relationships seem like walking into a beautiful room with an exit you cant control. That uncertainty scares me.",fear
My biggest academic fear isnt failing  its doing average work and disappearing into noise. Failure is visible. Mediocrity is silent. Silence scares me more.,fear
Sometimes I imagine packing everything and leaving town. A fresh start. But then fear whispers: youll still be you wherever you go. And that thought keeps me here.,fear
I get scared before sleep most nights. Afraid of waking up to the same problems. Afraid of not waking up at all. Fear has a habit of standing right by the door before dreams.,fear
"I worry that when I finally graduate, real life will feel even harder. What if Im better at studying life than living it?",fear
"Theres a crack in my confidence lately, and I dont know how to fix it. I fear that one day someone will see it  and everything will crumble.",fear
"Sometimes I fear that people only tolerate me. That Im forgettable the moment I leave the room. Its exhausting thinking this way, but fear rarely asks permission.",fear
"Im scared of calling home sometimes because I know theyll ask how Im doing. And I dont want to lie, but I dont want to worry them either. So I postpone the call and carry the fear alone.",fear
"Saw an old photo of myself today  smiling, carefree. It scared me how distant that person feels. I wonder if I can ever be them again.",fear
I have this fear of choosing the wrong path. What if I pick a career and realize years later that I hate it? The thought of irreversible decisions scares me more than failure.,fear
"My hands shake when I give presentations, even tiny ones. I fear people can see how terrified I am. I try to hide it, but my body betrays me every time.",fear
Sometimes I avoid mirrors because I fear seeing someone disappointed with me staring back.,fear
"Even when good things happen, theres a voice in my head that says, Enjoy it before it ends. I wish joy didnt come with expiration dates stamped by fear.",fear
Im scared Ill never fully trust people. That every close relationship will carry the fear of loss. Maybe thats why I keep some distance.,fear
I fear asking for help because it makes me feel exposed. Weak. I wish vulnerability didnt feel like a risk.,fear
I pretended to understand a lecture today. I didnt. Im scared to ask questions because I dont want to look stupid. But now Im even more lost. Fear wins again.,fear
"Every time I hear about someone young passing away, I panic. Life feels so fragile. I start thinking about my own time running out. It makes everything feel urgent and pointless at the same time.",fear
Im scared of not being able to afford the future I dream of. What if ambition isnt enough without money to back it?,fear
I have a fear of losing memories. What if I forget the good moments? What if they already faded and I didnt notice?,fear
I avoid talking about feelings in real life. What if someone reacts badly? What if they dont care? Writing feels safer than speaking.,fear
Sometimes I feel like my anxiety is visible  like people can read it on my face. That fear makes me even more anxious.,fear
"I fear becoming bitter. Ive seen people harden over time, turn cold. I dont want to be like that  but fear and disappointment slowly build walls.",fear
Im scared that Ill look back one day and realize I never truly lived  that I only worried through my years instead of experiencing them.,fear
"Some days, I fear I dont know myself anymore. I change with stress, with people, with pressure. When I ask myself who I am, the answer feels blurry. That scares me most.",fear
"Tonight, I whispered out loud, Im scared. It felt strange  but honest. Maybe fear loses a little power when spoken. Maybe tomorrow Ill try again.",fear
Its strange how love makes everything louder and quieter at the same time. I heard her laugh across the hallway and forgot what I was stressed about. Just like that. Gone.,love
"Had coffee with my dad on video call tonight. He told me the same story hes told a hundred times, but I listened like it was new. Loving someone means letting them repeat their memories until they become part of yours.",love
"I walked home under the rain and instead of rushing, I slowed down. I thought of her hand in mine and suddenly the rain felt like music.",love
"Honestly, loving someone scares me, but it also makes me want to be better. That has to count for something.",love
I think I finally understand why people write poems. Some feelings dont fit inside regular sentences.,love
I want to text her I miss you but Im overthinking every word. Why does love make me feel like Im back in high school?,love
Sometimes I worry I dont show people how much they mean to me. Love shouldnt be assumed. I should say it more.,love
"Had a long day in the lab but when my friend showed up with snacks and said you looked tired in the morning, it hit mebeing seen is a kind of love.",love
Love feels like waking up and actually wanting the day to start. I havent felt that in a long time.,love
Went grocery shopping with him today and laughed the entire time. Even picking tomatoes felt fun. Thats how I know its real.,love
I used to think love was grand gestures. Now I think its remembering how someone takes their tea.,love
"When she fell asleep during our call, I heard her breathing for a minute before hanging up. It felt too peaceful to interrupt.",love
I felt loved today when my supervisor asked if I was eating well. It surprised me. Academics and love dont usually mixbut today they did.,love
Love is when you dont have to pretend youre not tired. You just are. And theyre still there.,love
I cleaned my room today because she said messy space means messy mind. I didnt do it for mental healthI did it because she cares.,love
I swear the world looks different when you love someone. Even the clouds look softer.,love
"My friend hugged me today. A long, warm one. I didnt realize how much I needed it until I felt it.",love
"I dont think love fixes everything, but it definitely makes the pain easier to carry.",love
He brought me soup when I was sick and didnt make a big deal about it. Thats lovehelping without turning it into a performance.,love
Love sometimes feels like standing on a cliffterrifying but beautiful.,love
I caught myself rehearsing compliments in the mirror. I want to say them right. I want her to know I mean them.,love
Its wild how love makes you notice tiny detailslike how someone scrunches their nose when they read something confusing.,love
Listened to my favorite old song today and thought about how love makes memories echo louder.,love
"Saw an elderly couple on the bus, quietly holding hands. No words. Just decades of quiet promises kept.",love
I hope the people I care about never have to doubt it. Even when Im tired. Even when Im busy.,love
Love isnt always romantic. Sometimes its your friend sending memes at 2 a.m. just to check if youre awake.,love
Dad said drive safe at the end of our call instead of bye. Ive heard that phrase my whole life. It never gets old.,love
Sometimes love is choosing not to argue even when youre right.,love
Talked to her about my fears today. She didnt try to fix them. She just listened. That felt like love.,love
"I want to remember these small, warm moments because I know life wont always feel this kind.",love
I woke up anxious but her good morning text calmed me more than meditation ever has.,love
Love is when someone remembers your birthday without Facebook reminding them.,love
He made me laugh so hard today I forgot Id been stressed for weeks. I love that kind of magic.,love
Saw my reflection today and noticedI look happier lately.,love
I think love teaches patience more than anything. People unfold slowly.,love
Sometimes I love people so much it hurts. Not in a bad wayjust in a please stay safe kind of way.,love
"Love is staying up late to help a friend finish their thesis, even when your own work is piling up.",love
"Im learning that love means accepting imperfectionsnot fixing them, but holding them gently.",love
She held my hand when I was shaking from anxiety. Didnt say a word. Just stayed.,love
"Love makes time behave strangelyhours can feel like seconds, and days can feel like years apart.",love
I sent my friend a long message today just to say thank you for existing. I hope it made her smile.,love
My brother texted me proud of you. Four simple words. I teared up instantly.,love
Love is when silence feels comfortable instead of awkward.,love
I saw my friends laughing today and I thought: Im lucky to live in a world where these people exist.,love
I cooked dinner for someone special tonight. Burned half of it. We still laughed and ate everything. Thats love.,love
Sometimes I catch myself daydreaming about a future that feels less heavyand it always includes the people I love now.,love
She waited for me at the library just so we could walk back together. No reason. Just didnt want me to walk alone.,love
I love the feeling of coming home after a long day and knowing someone is happy I existeven if its just my dog.,love
I think the ultimate form of love is choosing to stayespecially when it would be easier to leave.,love
"If this is what love feels likecalm, patient, hopefulthen Im glad I waited for it.",love
I woke up before my alarm today and actually felt rested. Didnt expect that. It was like my brain gave me a tiny gift after weeks of exhaustion.,surprise
"I checked my mailbox on a whim and found a letter I didnt expect. Not a bill, not spam, just a handwritten note from an old friend. I dont even know how to describe the feelingwarm and strange all at once.",surprise
I submitted my draft to my supervisor expecting harsh feedback but she said it was promising. I think I reread that word five times. Promising?? Me?,surprise
Ran into an old friend at the bus stophadnt seen him in five years. We talked like wed only been apart for a week. Some connections really dont fade.,surprise
I tried cooking something new today just for fun and it actually tasted good. Im still shocked. Maybe Im not hopeless in the kitchen after all.,surprise
My sister called to say she misses me. She never says stuff like that. Took me completely off guard. I almost cried in the library.,surprise
"I spent the whole week expecting to fail that presentationbut people actually clapped. Yo. They meant it, too.",surprise
Someone returned my lost student card today. I didnt even know it was gone.,surprise
"I looked in the mirror today and thought, I look alright. That surprised me more than anything this month.",surprise
"My anxiety eased up for a few hours today. I dont know why, but I welcomed the break.",surprise
I got an email saying I received a small grant for my research. I genuinely thought it was spam at first.,surprise
I laughed todaylike properly laughedat a dumb TikTok my friend sent me. It felt so sudden and real.,surprise
I found my childhood photo while cleaning my drawer. I stared at it for longer than I should have. Felt like meeting a stranger.,surprise
The professor who always seems distant said I asked a good question in class. I almost checked if she was talking to someone else.,surprise
I had a quiet evening with no deadlines haunting me. I didnt know what to do with the peace.,surprise
Visited the campus café and the barista remembered my order. That tiny detail made me unexpectedly happy.,surprise
Mom told me shes proud of me. I dont think I was ready to hear it. It hit harder than I expected.,surprise
I found an old voicemail from my grandpa today. Didnt realize I still had it. His voice felt like a hug I didnt know I needed.,surprise
I actually understood a complex research paper on first read. I thought I opened the wrong document for a second.,surprise
"I messaged someone I thought hated me, and they replied kindly. Maybe I overthink things too much.",surprise
The sky was pink tonightcotton candy pink. I stopped walking just to stare. Nature really knows how to surprise you.,surprise
My friend invited me to a group hangout. I thought nobody even noticed Id been quiet lately.,surprise
"Today I felt confident during a conversation. No stuttering, no panickingjust me, existing normally. Wild.",surprise
I thought I was too tired to function but ended up finishing my entire to-do list somehow. I still dont know how it happened.,surprise
My dad sent me a meme. A meme. Didnt even know he knew how to download images.,surprise
"I checked my bank account expecting disaster, but I actually had more money than I thought. A rare miracle.",surprise
I found a quiet corner on campus that nobody seems to know about. It felt like discovering treasure.,surprise
I listened to a new song and instantly loved it. Its rare for music to hit on the first play.,surprise
I apologized to someone today and they forgave me immediately. I wasnt expecting grace.,surprise
I tried drawing after years of not touching a pencil. It wasnt awful. That surprised me more than it should have.,surprise
Received a text from someone I thought forgot me. They said they were just busy. I felt relief and surprise mixing together.,surprise
"The rain started right when I stepped outsidebut instead of being annoyed, I felt oddly calm, like it was meant to happen.",surprise
I realized today that I havent had a panic attack in a while. Knock on woodbut thats a surprising win.,surprise
I found my old favorite song today and remembered every single lyric. It was like muscle memory of the heart.,surprise
I genuinely enjoyed a lecture today. Didnt expect tomaybe thats growth?,surprise
Someone complimented my handwriting. No ones done that since primary school.,surprise
I tried wearing a color I never wear. A stranger said it suited me. Might try it again.,surprise
I didnt have the energy to cry today. That in itself felt surprising.,surprise
My roommate cleaned the kitchen without being asked. I almost fainted.,surprise
I accidentally joined a group discussion and ended up leading it. I shocked myself with how confident I sounded.,surprise
I remembered a dream when I woke up. That hasnt happened in ages. Still thinking about it.,surprise
Dad hugged me when I visited home. Hes not usually expressive. It threw me offin a good way.,surprise
I heard someone say they admire my dedication. I didnt know anyone noticed.,surprise
I felt okay in my own company today. That was unexpected. No lonelinessjust stillness.,surprise
"A kid smiled at me while I walked past a park. Such a small thing, but it brightened my whole afternoon.",surprise
Someone said I look healthier lately. I didnt realize I had changed. Maybe healing happens quietly.,surprise
I reread an old journal entry and realized Ive grown. That genuinely surprised me. I didnt think I had.,surprise
"I made a spontaneous decision todayand it felt good, not reckless. Maybe Im starting to trust myself.",surprise
"I felt hope out of nowhere today. Not sure why, but I held on to it like a gift.",surprise
"My friend said, Im always here for you. I believed them. That was the biggest surprise of all.",surprise
"Woke up tired but not upset about it. Some days are just flat like that. I made coffee, scrolled through some articles, and started working. Nothing special, but not bad either.",neutral
"Had a normal study session at the library. Didnt feel particularly motivated, but I got things done slowly. Productivity at 60%, emotions at 50%. Just average.",neutral
"Talked to a friend today. Not a deep conversation, just small talk. It felt fineneither comforting nor disappointing. Sometimes thats enough.",neutral
"I cooked dinner and it tasted okay. Not great, not terrible. Just food doing its job.",neutral
"I walked home while listening to music and didnt think about anything. Just let the world be. Honestly, it felt nice not to overthink for once.",neutral
"Spent three hours on my thesis today. Didnt hate it, didnt love it. Just kept typing. Progress exists, even if enthusiasm doesnt.",neutral
"Watched a show tonight. Didnt laugh much, didnt cry. Just consumed content like a regular human machine.",neutral
"Had a call with mom. She talked a lot, I listened. It was calm. No big emotions involved, just regular family energy.",neutral
"Cleaned my desk simply because it was messy. I didnt feel good afterward, but it felt natural, like brushing teeth. Necessary.",neutral
"Nothing happened today. Literally nothing worth writing about. Still, I dont feel empty. Just steady.",neutral
"Sat in class and took notes. Didnt understand everything, but didnt panic either. Ill catch up eventually.",neutral
I think Ive accepted that not every day needs to teach me something profound. Some days can just exist.,neutral
Ate lunch alone today. Not lonelyjust alone. Theres a difference.,neutral
Listened to people argue about politics and didnt feel the urge to join. I dont have the energy for opinions today.,neutral
I looked at my reflection and didnt criticize myself. Didnt compliment myself either. That felt surprisingly peaceful.,neutral
"Had the most normal day. Woke up, studied, replied to emails, went to bed. No emotional high, no crash. Just life happening.",neutral
"Ive been thinking less lately. Maybe thats a sign of calmness, or maybe Im just tired. Hard to tell.",neutral
"Im not particularly happy, but Im not sad either. I wonder if this state has a name. It feels like floating.",neutral
Went grocery shopping. Packed the fridge. Did laundry. All the routine things. Felt like maintenance mode.,neutral
Nothing inspired me today. Nothing bothered me either. Maybe Im adjusting to the quiet.,neutral
Sometimes I think neutrality isnt lack of feelingits just a pause. A space between things.,neutral
Didnt check social media much today. Didnt miss it either. Digital silence feels normal now.,neutral
"Walked outside without a destination. Cars passed, birds made sounds, wind blew. I just kept moving.",neutral
"I dont feel stuck, but I dont feel driven. Im just here. And honestly, thats okay.",neutral
"I answered messages without overthinking words. Writing felt mechanical, but not cold.",neutral
"Had a decent cup of tea. Nothing magical, just warm liquid in a cup. Comfort without intensity.",neutral
"Sometimes I feel like my life is on autopilotbut the flight is smooth, so Im not complaining.",neutral
My thoughts today were like background noise. Present but ignorable.,neutral
"Im not celebrating anything, not worried about anything. Its like emotional equilibrium.",neutral
"I miss feeling excited, but I dont crave it. Maybe that means Im tired. Or healing.",neutral
Studied for a few hours and didnt procrastinate. Not because I was motivatedjust because it needed to be done.,neutral
Watched raindrops slide down the window for a while. Not poeticjust something to look at.,neutral
"I had no major feelings today, and strangely, I dont feel guilty about that.",neutral
"Met people, talked, laughed a little. Nothing memorable. Still glad I went out.",neutral
"Even breathing felt balanced todaynot deep, not shallow. Just regular.",neutral
I dont know if Im improving or declining. Everything feels level. Maybe thats a type of progress.,neutral
Neutral days make me realize how exhausting intense emotions can be. This quiet isnt bad.,neutral
Theres something comforting about having no expectations from the day.,neutral
I didnt search for meaning today. Sometimes life doesnt have to teach you anything.,neutral
"I didnt feel lonely today, but I didnt feel connected either. Just somewhere in-between.",neutral
I think Im starting to accept that not feeling strongly is still feeling something.,neutral
"I dont feel like celebrating, but I dont feel like hiding. I guess Im just living.",neutral
Today felt like a long exhale. Not reliefjust release.,neutral
Some parts of life dont need emotional narration. They just need to be done.,neutral
"If I had to describe today, Id call it beige. Not colorful, not dark. Just neutral.",neutral
"I answered all my emails. Not proudly, not reluctantly. Just checked them off the list.",neutral
I dont crave excitement right now. I just want steady ground.,neutral
I think Im okay with existing quietly for a while.,neutral
"I dont know if neutrality is healing or numbnessbut right now, its comfortable.",neutral
"Maybe neutrality is not absence, but balance. A place to rest before the next wave.",neutral
